{
    "baseStats": [
        67,
        44,
        160,
        130,
        112,
        104,
        112
    ],
    "baseGrowth": [
        13,
        2,
        11,
        10,
        10,
        10,
        1
    ],
    "bonusGrowth": [
        0.4000000059604645,
        0.4000000059604645,
        0.10000000149011612,
        0.6000000238418579,
        0.5,
        0.6000000238418579,
        0.10000000149011612
    ]
}