{
    "baseStats": [
        31,
        48,
        105,
        90,
        112,
        96,
        112
    ],
    "baseGrowth": [
        6,
        4,
        9,
        9,
        11,
        9,
        1
    ],
    "bonusGrowth": [
        0.20000000298023225,
        0.4000000059604645,
        0.5,
        0.20000000298023225,
        0.20000000298023225,
        0.6000000238418579,
        0.10000000149011612
    ]
}