{
    "baseStats": [
        30,
        48,
        59,
        65,
        92,
        96,
        92
    ],
    "baseGrowth": [
        6,
        8,
        5,
        6,
        9,
        9,
        0
    ],
    "bonusGrowth": [
        0.10000000149011612,
        0.4000000059604645,
        0.8999999761581421,
        0.5,
        0.20000000298023225,
        0.6000000238418579,
        0.8999999761581421
    ]
}