{
    "baseStats": [
        36,
        14,
        76,
        88,
        72,
        88,
        100
    ],
    "baseGrowth": [
        7,
        2,
        7,
        8,
        7,
        8,
        1
    ],
    "bonusGrowth": [
        0.20000000298023225,
        0.6000000238418579,
        0.6000000238418579,
        0.800000011920929,
        0.20000000298023225,
        0.800000011920929,
        0.20000000298023225
    ]
}