{
    "baseStats": [
        36,
        42,
        105,
        105,
        60,
        56,
        98
    ],
    "baseGrowth": [
        7,
        4,
        9,
        9,
        6,
        5,
        0
    ],
    "bonusGrowth": [
        0.20000000298023225,
        0.20000000298023225,
        0.5,
        0.5,
        0.4000000059604645,
        0.6000000238418579,
        0.8999999761581421
    ]
}