{
    "baseStats": [
        36,
        14,
        80,
        68,
        72,
        76,
        112
    ],
    "baseGrowth": [
        7,
        1,
        8,
        6,
        7,
        7,
        1
    ],
    "bonusGrowth": [
        0.20000000298023225,
        0.6000000238418579,
        0.10000000149011612,
        0.800000011920929,
        0.20000000298023225,
        0.6000000238418579,
        0.6000000238418579
    ]
}