{
    "baseStats": [
        26,
        18,
        88,
        68,
        92,
        72,
        125
    ],
    "baseGrowth": [
        5,
        5,
        8,
        6,
        9,
        7,
        2
    ],
    "bonusGrowth": [
        0.20000000298023225,
        0.20000000298023225,
        0.800000011920929,
        0.800000011920929,
        0.20000000298023225,
        0.20000000298023225,
        0.30000001192092898
    ]
}