{
    "baseStats": [
        75,
        80,
        96,
        112,
        124,
        112,
        96
    ],
    "baseGrowth": [
        15,
        0,
        12,
        11,
        10,
        11,
        1
    ],
    "bonusGrowth": [
        0.20000000298023225,
        0.800000011920929,
        0.4000000059604645,
        0.800000011920929,
        0.4000000059604645,
        0.6000000238418579,
        0.10000000149011612
    ]
}