{
    "baseStats": [
        37,
        22,
        88,
        88,
        68,
        84,
        104
    ],
    "baseGrowth": [
        7,
        2,
        8,
        8,
        6,
        8,
        1
    ],
    "bonusGrowth": [
        0.4000000059604645,
        0.10000000149011612,
        0.800000011920929,
        0.800000011920929,
        0.800000011920929,
        0.4000000059604645,
        0.20000000298023225
    ]
}