{
    "baseStats": [
        46,
        28,
        100,
        110,
        80,
        80,
        82
    ],
    "baseGrowth": [
        11,
        5,
        10,
        8,
        8,
        8,
        0
    ],
    "bonusGrowth": [
        0.20000000298023225,
        0.20000000298023225,
        0.10000000149011612,
        0.5,
        0.4000000059604645,
        0.6000000238418579,
        0.800000011920929
    ]
}