{
    "baseStats": [
        30,
        28,
        72,
        68,
        88,
        76,
        88
    ],
    "baseGrowth": [
        6,
        4,
        7,
        6,
        8,
        7,
        0
    ],
    "bonusGrowth": [
        0.10000000149011612,
        0.6000000238418579,
        0.20000000298023225,
        0.800000011920929,
        0.800000011920929,
        0.6000000238418579,
        0.8999999761581421
    ]
}