{
    "baseStats": [
        33,
        60,
        87,
        80,
        80,
        96,
        108
    ],
    "baseGrowth": [
        6,
        4,
        8,
        8,
        8,
        9,
        1
    ],
    "bonusGrowth": [
        0.6000000238418579,
        0.20000000298023225,
        0.800000011920929,
        0.4000000059604645,
        0.20000000298023225,
        0.6000000238418579,
        0.0
    ]
}