{
    "baseStats": [
        27,
        28,
        57,
        76,
        84,
        97,
        96
    ],
    "baseGrowth": [
        5,
        4,
        5,
        7,
        8,
        9,
        1
    ],
    "bonusGrowth": [
        0.4000000059604645,
        0.800000011920929,
        0.699999988079071,
        0.6000000238418579,
        0.4000000059604645,
        0.699999988079071,
        0.10000000149011612
    ]
}