{
    "baseStats": [
        53,
        70,
        110,
        220,
        64,
        80,
        82
    ],
    "baseGrowth": [
        10,
        4,
        8,
        12,
        6,
        8,
        0
    ],
    "bonusGrowth": [
        0.6000000238418579,
        0.800000011920929,
        0.6000000238418579,
        0.20000000298023225,
        0.4000000059604645,
        0.4000000059604645,
        0.800000011920929
    ]
}