{
    "baseStats": [
        34,
        30,
        80,
        84,
        84,
        92,
        100
    ],
    "baseGrowth": [
        6,
        3,
        8,
        8,
        8,
        9,
        1
    ],
    "bonusGrowth": [
        0.800000011920929,
        0.6000000238418579,
        0.10000000149011612,
        0.4000000059604645,
        0.4000000059604645,
        0.20000000298023225,
        0.20000000298023225
    ]
}