{
    "baseStats": [
        26,
        42,
        90,
        80,
        80,
        72,
        104
    ],
    "baseGrowth": [
        5,
        0,
        8,
        8,
        8,
        7,
        1
    ],
    "bonusGrowth": [
        0.20000000298023225,
        0.4000000059604645,
        0.8999999761581421,
        0.5,
        0.4000000059604645,
        0.20000000298023225,
        0.10000000149011612
    ]
}