{
    "baseStats": [
        3,
        0,
        5,
        60,
        0,
        0,
        0
    ],
    "baseGrowth": [
        0,
        0,
        0,
        0,
        0,
        0,
        0
    ],
    "bonusGrowth": [
        0.6000000238418579,
        0.0,
        0.20000000298023225,
        0.6000000238418579,
        0.0,
        0.0,
        0.0
    ]
}