{
    "baseStats": [
        13,
        0,
        17,
        22,
        0,
        8,
        115
    ],
    "baseGrowth": [
        2,
        0,
        1,
        2,
        0,
        0,
        1
    ],
    "bonusGrowth": [
        0.6000000238418579,
        0.0,
        0.699999988079071,
        0.20000000298023225,
        0.0,
        0.0,
        0.10000000149011612
    ]
}