{
    "baseStats": [
        45,
        32,
        115,
        120,
        96,
        96,
        110
    ],
    "baseGrowth": [
        9,
        3,
        10,
        8,
        9,
        9,
        1
    ],
    "bonusGrowth": [
        0.20000000298023225,
        0.6000000238418579,
        0.5,
        0.8999999761581421,
        0.6000000238418579,
        0.6000000238418579,
        0.30000001192092898
    ]
}