{
    "baseStats": [
        16,
        52,
        87,
        320,
        86,
        48,
        88
    ],
    "baseGrowth": [
        3,
        4,
        8,
        25,
        8,
        4,
        0
    ],
    "bonusGrowth": [
        0.20000000298023225,
        0.20000000298023225,
        0.699999988079071,
        0.5,
        0.6000000238418579,
        0.800000011920929,
        0.8999999761581421
    ]
}