{
    "baseStats": [
        10,
        0,
        20,
        25,
        0,
        0,
        96
    ],
    "baseGrowth": [
        2,
        0,
        2,
        2,
        0,
        0,
        0
    ],
    "bonusGrowth": [
        0.10000000149011612,
        0.0,
        0.10000000149011612,
        0.20000000298023225,
        0.0,
        0.0,
        0.8999999761581421
    ]
}