{
    "baseStats": [
        13,
        0,
        22,
        28,
        0,
        0,
        98
    ],
    "baseGrowth": [
        2,
        0,
        2,
        2,
        0,
        0,
        0
    ],
    "bonusGrowth": [
        0.6000000238418579,
        0.0,
        0.20000000298023225,
        0.20000000298023225,
        0.0,
        0.0,
        0.8999999761581421
    ]
}