{
    "baseStats": [
        42,
        6,
        88,
        94,
        65,
        72,
        92
    ],
    "baseGrowth": [
        8,
        1,
        8,
        9,
        6,
        7,
        0
    ],
    "bonusGrowth": [
        0.4000000059604645,
        0.10000000149011612,
        0.800000011920929,
        0.4000000059604645,
        0.5,
        0.20000000298023225,
        0.8999999761581421
    ]
}