{
    "baseStats": [
        40,
        8,
        96,
        84,
        56,
        60,
        104
    ],
    "baseGrowth": [
        8,
        1,
        9,
        8,
        5,
        6,
        1
    ],
    "bonusGrowth": [
        0.20000000298023225,
        0.20000000298023225,
        0.6000000238418579,
        0.4000000059604645,
        0.6000000238418579,
        0.4000000059604645,
        0.10000000149011612
    ]
}