{
    "baseStats": [
        34,
        18,
        80,
        76,
        88,
        76,
        104
    ],
    "baseGrowth": [
        6,
        4,
        8,
        7,
        8,
        7,
        1
    ],
    "bonusGrowth": [
        0.800000011920929,
        0.20000000298023225,
        0.10000000149011612,
        0.6000000238418579,
        0.800000011920929,
        0.6000000238418579,
        0.10000000149011612
    ]
}