{
    "baseStats": [
        7,
        5,
        10,
        100,
        8,
        80,
        0
    ],
    "baseGrowth": [
        1,
        1,
        1,
        9,
        0,
        8,
        0
    ],
    "bonusGrowth": [
        0.4000000059604645,
        0.6000000238418579,
        0.10000000149011612,
        0.8999999761581421,
        0.800000011920929,
        0.4000000059604645,
        0.0
    ]
}