{
    "baseStats": [
        60,
        44,
        150,
        140,
        96,
        104,
        98
    ],
    "baseGrowth": [
        12,
        5,
        10,
        11,
        9,
        10,
        1
    ],
    "bonusGrowth": [
        0.30000001192092898,
        0.20000000298023225,
        0.6000000238418579,
        0.20000000298023225,
        0.4000000059604645,
        0.6000000238418579,
        0.0
    ]
}