{
    "baseStats": [
        38,
        8,
        84,
        80,
        76,
        72,
        110
    ],
    "baseGrowth": [
        7,
        1,
        8,
        8,
        7,
        7,
        1
    ],
    "bonusGrowth": [
        0.6000000238418579,
        0.10000000149011612,
        0.4000000059604645,
        0.10000000149011612,
        0.6000000238418579,
        0.20000000298023225,
        0.5
    ]
}