{
    "baseStats": [
        36,
        12,
        92,
        80,
        56,
        68,
        104
    ],
    "baseGrowth": [
        7,
        1,
        9,
        8,
        5,
        6,
        1
    ],
    "bonusGrowth": [
        0.20000000298023225,
        0.10000000149011612,
        0.20000000298023225,
        0.10000000149011612,
        0.6000000238418579,
        0.800000011920929,
        0.10000000149011612
    ]
}