{
    "baseStats": [
        50,
        28,
        110,
        120,
        72,
        64,
        82
    ],
    "baseGrowth": [
        10,
        3,
        10,
        10,
        7,
        6,
        0
    ],
    "bonusGrowth": [
        0.20000000298023225,
        0.0,
        0.10000000149011612,
        0.20000000298023225,
        0.20000000298023225,
        0.4000000059604645,
        0.800000011920929
    ]
}