{
    "baseStats": [
        28,
        24,
        100,
        80,
        104,
        88,
        108
    ],
    "baseGrowth": [
        5,
        3,
        8,
        8,
        10,
        8,
        1
    ],
    "bonusGrowth": [
        0.6000000238418579,
        0.20000000298023225,
        0.0,
        0.20000000298023225,
        0.4000000059604645,
        0.800000011920929,
        0.10000000149011612
    ]
}