{
    "baseStats": [
        35,
        20,
        80,
        96,
        80,
        100,
        90
    ],
    "baseGrowth": [
        7,
        2,
        8,
        9,
        8,
        10,
        0
    ],
    "bonusGrowth": [
        0.20000000298023225,
        0.4000000059604645,
        0.20000000298023225,
        0.6000000238418579,
        0.30000001192092898,
        0.20000000298023225,
        0.8999999761581421
    ]
}