{
    "baseStats": [
        40,
        18,
        94,
        88,
        59,
        64,
        97
    ],
    "baseGrowth": [
        8,
        2,
        9,
        8,
        5,
        6,
        1
    ],
    "bonusGrowth": [
        0.20000000298023225,
        0.800000011920929,
        0.4000000059604645,
        0.800000011920929,
        0.8999999761581421,
        0.4000000059604645,
        0.10000000149011612
    ]
}