{
    "baseStats": [
        32,
        12,
        100,
        100,
        68,
        64,
        102
    ],
    "baseGrowth": [
        6,
        1,
        9,
        9,
        6,
        6,
        1
    ],
    "bonusGrowth": [
        0.4000000059604645,
        0.6000000238418579,
        0.20000000298023225,
        0.8999999761581421,
        0.800000011920929,
        0.4000000059604645,
        0.10000000149011612
    ]
}