{
    "baseStats": [
        36,
        34,
        105,
        90,
        80,
        88,
        104
    ],
    "baseGrowth": [
        7,
        0,
        9,
        9,
        8,
        8,
        1
    ],
    "bonusGrowth": [
        0.20000000298023225,
        0.800000011920929,
        0.5,
        0.5,
        0.20000000298023225,
        0.800000011920929,
        0.30000001192092898
    ]
}