{
    "baseStats": [
        30,
        8,
        68,
        92,
        56,
        80,
        95
    ],
    "baseGrowth": [
        6,
        1,
        6,
        9,
        5,
        8,
        1
    ],
    "bonusGrowth": [
        0.20000000298023225,
        0.10000000149011612,
        0.800000011920929,
        0.20000000298023225,
        0.6000000238418579,
        0.10000000149011612,
        0.10000000149011612
    ]
}