{
    "baseStats": [
        28,
        60,
        50,
        50,
        114,
        114,
        92
    ],
    "baseGrowth": [
        5,
        1,
        5,
        5,
        11,
        10,
        0
    ],
    "bonusGrowth": [
        0.6000000238418579,
        0.10000000149011612,
        0.30000001192092898,
        0.30000001192092898,
        0.10000000149011612,
        0.20000000298023225,
        0.8999999761581421
    ]
}