{
    "baseStats": [
        34,
        26,
        88,
        68,
        68,
        84,
        112
    ],
    "baseGrowth": [
        6,
        3,
        8,
        6,
        6,
        8,
        1
    ],
    "bonusGrowth": [
        0.800000011920929,
        0.20000000298023225,
        0.800000011920929,
        0.800000011920929,
        0.800000011920929,
        0.4000000059604645,
        0.699999988079071
    ]
}