{
    "baseStats": [
        14,
        56,
        83,
        320,
        88,
        49,
        90
    ],
    "baseGrowth": [
        2,
        4,
        8,
        25,
        8,
        4,
        0
    ],
    "bonusGrowth": [
        0.800000011920929,
        0.20000000298023225,
        0.30000001192092898,
        0.5,
        0.800000011920929,
        0.8999999761581421,
        0.8999999761581421
    ]
}