{
    "baseStats": [
        53,
        24,
        114,
        118,
        76,
        60,
        84
    ],
    "baseGrowth": [
        10,
        2,
        10,
        10,
        7,
        6,
        0
    ],
    "bonusGrowth": [
        0.6000000238418579,
        0.4000000059604645,
        0.4000000059604645,
        0.20000000298023225,
        0.6000000238418579,
        0.20000000298023225,
        0.800000011920929
    ]
}