{
    "baseStats": [
        25,
        46,
        57,
        64,
        96,
        88,
        89
    ],
    "baseGrowth": [
        5,
        7,
        5,
        6,
        9,
        8,
        0
    ],
    "bonusGrowth": [
        0.10000000149011612,
        0.6000000238418579,
        0.699999988079071,
        0.4000000059604645,
        0.6000000238418579,
        0.800000011920929,
        0.800000011920929
    ]
}