{
    "baseStats": [
        41,
        64,
        110,
        95,
        64,
        72,
        105
    ],
    "baseGrowth": [
        8,
        5,
        10,
        9,
        6,
        7,
        1
    ],
    "bonusGrowth": [
        0.20000000298023225,
        0.6000000238418579,
        0.10000000149011612,
        0.5,
        0.4000000059604645,
        0.20000000298023225,
        0.0
    ]
}