{
    "baseStats": [
        15,
        60,
        85,
        320,
        89,
        46,
        86
    ],
    "baseGrowth": [
        3,
        4,
        8,
        25,
        8,
        4,
        0
    ],
    "bonusGrowth": [
        0.20000000298023225,
        0.20000000298023225,
        0.5,
        0.5,
        0.8999999761581421,
        0.6000000238418579,
        0.8999999761581421
    ]
}