{
    "baseStats": [
        72,
        18,
        82,
        92,
        68,
        84,
        95
    ],
    "baseGrowth": [
        9,
        1,
        8,
        9,
        6,
        8,
        1
    ],
    "bonusGrowth": [
        0.30000001192092898,
        0.30000001192092898,
        0.4000000059604645,
        0.4000000059604645,
        0.20000000298023225,
        0.6000000238418579,
        0.4000000059604645
    ]
}