{
    "baseStats": [
        75,
        14,
        95,
        94,
        59,
        64,
        95
    ],
    "baseGrowth": [
        10,
        3,
        8,
        9,
        5,
        7,
        1
    ],
    "bonusGrowth": [
        0.20000000298023225,
        0.4000000059604645,
        0.800000011920929,
        0.20000000298023225,
        0.8999999761581421,
        0.800000011920929,
        0.4000000059604645
    ]
}