{
    "baseStats": [
        34,
        16,
        80,
        100,
        64,
        64,
        108
    ],
    "baseGrowth": [
        6,
        1,
        8,
        9,
        6,
        6,
        1
    ],
    "bonusGrowth": [
        0.800000011920929,
        0.6000000238418579,
        0.20000000298023225,
        0.8999999761581421,
        0.4000000059604645,
        0.4000000059604645,
        0.699999988079071
    ]
}