{
    "baseStats": [
        33,
        48,
        100,
        90,
        96,
        80,
        108
    ],
    "baseGrowth": [
        6,
        3,
        8,
        8,
        9,
        8,
        1
    ],
    "bonusGrowth": [
        0.6000000238418579,
        0.6000000238418579,
        0.6000000238418579,
        0.5,
        0.6000000238418579,
        0.20000000298023225,
        0.10000000149011612
    ]
}