{
    "baseStats": [
        75,
        80,
        96,
        112,
        124,
        112,
        96
    ],
    "baseGrowth": [
        14,
        2,
        10,
        10,
        10,
        11,
        1
    ],
    "bonusGrowth": [
        0.4000000059604645,
        0.800000011920929,
        0.800000011920929,
        0.5,
        0.800000011920929,
        0.4000000059604645,
        0.10000000149011612
    ]
}