{
    "baseStats": [
        8,
        5,
        6,
        9,
        1,
        12,
        92
    ],
    "baseGrowth": [
        1,
        0,
        0,
        1,
        0,
        0,
        0
    ],
    "bonusGrowth": [
        0.6000000238418579,
        0.0,
        0.6000000238418579,
        0.10000000149011612,
        0.0,
        0.0,
        0.8999999761581421
    ]
}