{
    "baseStats": [
        38,
        54,
        105,
        100,
        112,
        96,
        110
    ],
    "baseGrowth": [
        7,
        2,
        9,
        8,
        11,
        9,
        1
    ],
    "bonusGrowth": [
        0.6000000238418579,
        0.800000011920929,
        0.20000000298023225,
        0.8999999761581421,
        0.20000000298023225,
        0.6000000238418579,
        0.10000000149011612
    ]
}