{
    "baseStats": [
        40,
        20,
        90,
        110,
        80,
        80,
        78
    ],
    "baseGrowth": [
        10,
        3,
        9,
        8,
        8,
        8,
        0
    ],
    "bonusGrowth": [
        0.4000000059604645,
        0.6000000238418579,
        0.20000000298023225,
        0.0,
        0.20000000298023225,
        0.4000000059604645,
        0.699999988079071
    ]
}