{
    "baseStats": [
        41,
        86,
        50,
        125,
        40,
        128,
        165
    ],
    "baseGrowth": [
        8,
        4,
        5,
        8,
        4,
        11,
        1
    ],
    "bonusGrowth": [
        0.20000000298023225,
        0.4000000059604645,
        0.20000000298023225,
        0.4000000059604645,
        0.20000000298023225,
        0.800000011920929,
        0.8999999761581421
    ]
}