{
    "baseStats": [
        73,
        44,
        170,
        150,
        120,
        120,
        108
    ],
    "baseGrowth": [
        14,
        7,
        11,
        10,
        9,
        11,
        1
    ],
    "bonusGrowth": [
        0.6000000238418579,
        0.20000000298023225,
        0.4000000059604645,
        0.4000000059604645,
        0.6000000238418579,
        0.4000000059604645,
        0.0
    ]
}