{
    "baseStats": [
        35,
        12,
        88,
        96,
        60,
        80,
        98
    ],
    "baseGrowth": [
        7,
        3,
        8,
        9,
        6,
        8,
        1
    ],
    "bonusGrowth": [
        0.10000000149011612,
        0.20000000298023225,
        0.800000011920929,
        0.6000000238418579,
        0.20000000298023225,
        0.30000001192092898,
        0.0
    ]
}