{
    "baseStats": [
        34,
        32,
        70,
        80,
        76,
        80,
        110
    ],
    "baseGrowth": [
        6,
        2,
        7,
        8,
        7,
        8,
        1
    ],
    "bonusGrowth": [
        0.800000011920929,
        0.800000011920929,
        0.10000000149011612,
        0.20000000298023225,
        0.6000000238418579,
        0.10000000149011612,
        0.6000000238418579
    ]
}