{
    "baseStats": [
        13,
        0,
        22,
        28,
        0,
        9,
        100
    ],
    "baseGrowth": [
        2,
        0,
        2,
        2,
        0,
        0,
        1
    ],
    "bonusGrowth": [
        0.6000000238418579,
        0.0,
        0.20000000298023225,
        0.800000011920929,
        0.0,
        0.0,
        0.0
    ]
}