{
    "baseStats": [
        29,
        21,
        84,
        72,
        80,
        76,
        120
    ],
    "baseGrowth": [
        5,
        2,
        8,
        7,
        8,
        7,
        2
    ],
    "bonusGrowth": [
        0.800000011920929,
        0.10000000149011612,
        0.4000000059604645,
        0.20000000298023225,
        0.10000000149011612,
        0.6000000238418579,
        0.10000000149011612
    ]
}