{
    "baseStats": [
        14,
        0,
        24,
        24,
        0,
        0,
        97
    ],
    "baseGrowth": [
        2,
        0,
        2,
        2,
        0,
        0,
        0
    ],
    "bonusGrowth": [
        0.800000011920929,
        0.0,
        0.4000000059604645,
        0.4000000059604645,
        0.0,
        0.0,
        0.8999999761581421
    ]
}