{
    "baseStats": [
        40,
        14,
        88,
        88,
        60,
        72,
        100
    ],
    "baseGrowth": [
        8,
        1,
        8,
        8,
        6,
        7,
        1
    ],
    "bonusGrowth": [
        0.4000000059604645,
        0.10000000149011612,
        0.800000011920929,
        0.800000011920929,
        0.0,
        0.20000000298023225,
        0.10000000149011612
    ]
}