{
    "baseStats": [
        38,
        22,
        80,
        92,
        72,
        88,
        98
    ],
    "baseGrowth": [
        7,
        2,
        8,
        9,
        7,
        8,
        0
    ],
    "bonusGrowth": [
        0.6000000238418579,
        0.20000000298023225,
        0.10000000149011612,
        0.20000000298023225,
        0.20000000298023225,
        0.800000011920929,
        0.800000011920929
    ]
}