{
    "baseStats": [
        20,
        0,
        25,
        32,
        0,
        0,
        105
    ],
    "baseGrowth": [
        4,
        0,
        2,
        3,
        0,
        0,
        1
    ],
    "bonusGrowth": [
        0.20000000298023225,
        0.0,
        0.5,
        0.30000001192092898,
        0.0,
        0.0,
        0.0
    ]
}