{
    "baseStats": [
        34,
        22,
        81,
        76,
        84,
        76,
        96
    ],
    "baseGrowth": [
        6,
        2,
        8,
        7,
        8,
        7,
        1
    ],
    "bonusGrowth": [
        0.800000011920929,
        0.6000000238418579,
        0.10000000149011612,
        0.6000000238418579,
        0.4000000059604645,
        0.6000000238418579,
        0.30000001192092898
    ]
}