{
    "baseStats": [
        41,
        32,
        110,
        100,
        80,
        80,
        105
    ],
    "baseGrowth": [
        8,
        3,
        10,
        9,
        8,
        8,
        1
    ],
    "bonusGrowth": [
        0.20000000298023225,
        0.6000000238418579,
        0.20000000298023225,
        0.699999988079071,
        0.20000000298023225,
        0.30000001192092898,
        0.20000000298023225
    ]
}