{
    "baseStats": [
        38,
        24,
        105,
        110,
        80,
        80,
        108
    ],
    "baseGrowth": [
        7,
        2,
        7,
        8,
        8,
        8,
        1
    ],
    "bonusGrowth": [
        0.6000000238418579,
        0.4000000059604645,
        0.6000000238418579,
        0.5,
        0.20000000298023225,
        0.20000000298023225,
        0.10000000149011612
    ]
}