{
    "baseStats": [
        35,
        60,
        83,
        50,
        88,
        61,
        105
    ],
    "baseGrowth": [
        7,
        8,
        8,
        5,
        8,
        6,
        1
    ],
    "bonusGrowth": [
        0.20000000298023225,
        0.800000011920929,
        0.4000000059604645,
        0.10000000149011612,
        0.800000011920929,
        0.20000000298023225,
        0.0
    ]
}