{
    "baseStats": [
        38,
        38,
        84,
        76,
        92,
        76,
        85
    ],
    "baseGrowth": [
        7,
        8,
        8,
        7,
        9,
        7,
        0
    ],
    "bonusGrowth": [
        0.6000000238418579,
        0.800000011920929,
        0.4000000059604645,
        0.6000000238418579,
        0.20000000298023225,
        0.6000000238418579,
        0.800000011920929
    ]
}