{
    "baseStats": [
        31,
        10,
        94,
        68,
        76,
        76,
        105
    ],
    "baseGrowth": [
        6,
        2,
        9,
        6,
        7,
        7,
        1
    ],
    "bonusGrowth": [
        0.20000000298023225,
        0.4000000059604645,
        0.4000000059604645,
        0.800000011920929,
        0.6000000238418579,
        0.6000000238418579,
        0.800000011920929
    ]
}