{
    "baseStats": [
        15,
        0,
        5,
        80,
        120,
        120,
        0
    ],
    "baseGrowth": [
        3,
        0,
        0,
        8,
        12,
        12,
        0
    ],
    "bonusGrowth": [
        0.4000000059604645,
        0.0,
        0.20000000298023225,
        0.10000000149011612,
        0.4000000059604645,
        0.4000000059604645,
        0.0
    ]
}