{
    "baseStats": [
        21,
        40,
        90,
        75,
        100,
        112,
        118
    ],
    "baseGrowth": [
        4,
        5,
        8,
        7,
        10,
        10,
        1
    ],
    "bonusGrowth": [
        0.20000000298023225,
        0.10000000149011612,
        0.0,
        0.5,
        0.20000000298023225,
        0.20000000298023225,
        0.30000001192092898
    ]
}