{
    "baseStats": [
        25,
        0,
        5,
        100,
        20,
        30,
        0
    ],
    "baseGrowth": [
        5,
        0,
        0,
        9,
        2,
        3,
        0
    ],
    "bonusGrowth": [
        0.30000001192092898,
        0.0,
        0.20000000298023225,
        0.10000000149011612,
        0.20000000298023225,
        0.20000000298023225,
        0.0
    ]
}