{
    "baseStats": [
        28,
        34,
        65,
        64,
        100,
        80,
        90
    ],
    "baseGrowth": [
        5,
        6,
        6,
        6,
        10,
        8,
        0
    ],
    "bonusGrowth": [
        0.6000000238418579,
        0.20000000298023225,
        0.5,
        0.4000000059604645,
        0.10000000149011612,
        0.4000000059604645,
        0.8999999761581421
    ]
}