{
    "baseStats": [
        36,
        20,
        92,
        97,
        84,
        72,
        86
    ],
    "baseGrowth": [
        7,
        3,
        8,
        9,
        8,
        7,
        0
    ],
    "bonusGrowth": [
        0.20000000298023225,
        0.20000000298023225,
        0.20000000298023225,
        0.699999988079071,
        0.4000000059604645,
        0.20000000298023225,
        0.800000011920929
    ]
}