{
    "baseStats": [
        29,
        12,
        73,
        84,
        68,
        76,
        110
    ],
    "baseGrowth": [
        5,
        2,
        7,
        8,
        6,
        7,
        1
    ],
    "bonusGrowth": [
        0.800000011920929,
        0.20000000298023225,
        0.30000001192092898,
        0.4000000059604645,
        0.800000011920929,
        0.6000000238418579,
        0.8999999761581421
    ]
}