{
    "baseStats": [
        56,
        26,
        112,
        122,
        73,
        56,
        83
    ],
    "baseGrowth": [
        11,
        3,
        10,
        10,
        7,
        5,
        0
    ],
    "bonusGrowth": [
        0.20000000298023225,
        0.6000000238418579,
        0.20000000298023225,
        0.20000000298023225,
        0.30000001192092898,
        0.6000000238418579,
        0.800000011920929
    ]
}