{
    "baseStats": [
        26,
        22,
        56,
        76,
        92,
        94,
        98
    ],
    "baseGrowth": [
        5,
        3,
        5,
        7,
        9,
        9,
        1
    ],
    "bonusGrowth": [
        0.20000000298023225,
        0.6000000238418579,
        0.6000000238418579,
        0.6000000238418579,
        0.20000000298023225,
        0.4000000059604645,
        0.20000000298023225
    ]
}