{
    "baseStats": [
        28,
        62,
        105,
        80,
        128,
        116,
        124
    ],
    "baseGrowth": [
        5,
        7,
        9,
        8,
        12,
        10,
        1
    ],
    "bonusGrowth": [
        0.6000000238418579,
        0.20000000298023225,
        0.5,
        0.20000000298023225,
        0.800000011920929,
        0.6000000238418579,
        0.4000000059604645
    ]
}