{
    "baseStats": [
        35,
        48,
        50,
        115,
        40,
        112,
        148
    ],
    "baseGrowth": [
        7,
        4,
        5,
        8,
        4,
        11,
        1
    ],
    "bonusGrowth": [
        0.10000000149011612,
        0.4000000059604645,
        0.10000000149011612,
        0.0,
        0.10000000149011612,
        0.20000000298023225,
        0.6000000238418579
    ]
}