{
    "baseStats": [
        41,
        84,
        80,
        240,
        64,
        64,
        80
    ],
    "baseGrowth": [
        8,
        6,
        8,
        11,
        6,
        6,
        0
    ],
    "bonusGrowth": [
        0.20000000298023225,
        0.6000000238418579,
        0.10000000149011612,
        0.5,
        0.4000000059604645,
        0.4000000059604645,
        0.800000011920929
    ]
}