{
    "baseStats": [
        23,
        44,
        120,
        150,
        96,
        80,
        92
    ],
    "baseGrowth": [
        4,
        1,
        10,
        10,
        9,
        8,
        0
    ],
    "bonusGrowth": [
        0.6000000238418579,
        0.6000000238418579,
        0.800000011920929,
        0.699999988079071,
        0.6000000238418579,
        0.5,
        0.8999999761581421
    ]
}