{
    "baseStats": [
        51,
        42,
        120,
        108,
        120,
        104,
        112
    ],
    "baseGrowth": [
        10,
        4,
        9,
        9,
        9,
        10,
        0
    ],
    "bonusGrowth": [
        0.20000000298023225,
        0.6000000238418579,
        0.5,
        0.699999988079071,
        0.5,
        0.4000000059604645,
        0.800000011920929
    ]
}