{
    "baseStats": [
        46,
        10,
        92,
        84,
        62,
        68,
        95
    ],
    "baseGrowth": [
        9,
        2,
        9,
        8,
        6,
        6,
        0
    ],
    "bonusGrowth": [
        0.20000000298023225,
        0.10000000149011612,
        0.20000000298023225,
        0.4000000059604645,
        0.20000000298023225,
        0.800000011920929,
        0.8999999761581421
    ]
}