{
    "baseStats": [
        30,
        31,
        62,
        72,
        88,
        76,
        115
    ],
    "baseGrowth": [
        6,
        4,
        6,
        7,
        8,
        7,
        1
    ],
    "bonusGrowth": [
        0.20000000298023225,
        0.800000011920929,
        0.20000000298023225,
        0.20000000298023225,
        0.800000011920929,
        0.6000000238418579,
        0.20000000298023225
    ]
}