{
    "baseStats": [
        32,
        12,
        80,
        76,
        83,
        68,
        108
    ],
    "baseGrowth": [
        6,
        1,
        8,
        7,
        8,
        6,
        1
    ],
    "bonusGrowth": [
        0.4000000059604645,
        0.10000000149011612,
        0.10000000149011612,
        0.6000000238418579,
        0.30000001192092898,
        0.800000011920929,
        0.4000000059604645
    ]
}