{
    "baseStats": [
        40,
        20,
        105,
        90,
        68,
        72,
        88
    ],
    "baseGrowth": [
        8,
        2,
        10,
        9,
        6,
        7,
        0
    ],
    "bonusGrowth": [
        0.30000001192092898,
        0.800000011920929,
        0.5,
        0.10000000149011612,
        0.800000011920929,
        0.20000000298023225,
        0.800000011920929
    ]
}